account,adTiktokId,adName,totalIncreases,date,budget,increasesToday,cumIncreases,spend,tiktokCv,tiktokCpa,sheetCv,sheetCpo
AI_2,1861681678881889,"260406/高橋海斗/やれやめろ＿編集強化/LP1-CR01170",20,2026-04-06,8568,4,4,0,0,,0.0000,
AI_2,1861681678881889,"260406/高橋海斗/やれやめろ＿編集強化/LP1-CR01170",20,2026-04-07,3900,1,5,0,0,,0.0000,
AI_2,1861681678881889,"260406/高橋海斗/やれやめろ＿編集強化/LP1-CR01170",20,2026-04-08,6591,3,8,0,0,,0.0000,
AI_2,1861681678881889,"260406/高橋海斗/やれやめろ＿編集強化/LP1-CR01170",20,2026-04-09,6591,0,8,0,0,,0.0000,
AI_2,1861681678881889,"260406/高橋海斗/やれやめろ＿編集強化/LP1-CR01170",20,2026-04-11,3900,1,9,0,0,,0.0000,
AI_2,1861681678881889,"260406/高橋海斗/やれやめろ＿編集強化/LP1-CR01170",20,2026-04-12,14479,5,14,0,0,,0.0000,
AI_2,1861681678881889,"260406/高橋海斗/やれやめろ＿編集強化/LP1-CR01170",20,2026-04-13,14479,6,20,0,0,,0.0000,
AI_2,1861681678881889,"260406/高橋海斗/やれやめろ＿編集強化/LP1-CR01170",20,2026-04-14,14479,0,20,0,0,,0.0000,
AI_3,1861476178360369,"260404/横展開/CR178_横展開/LP1-CR01159",19,2026-04-04,3900,1,1,3695,1,3695,0.0000,
AI_3,1861476178360369,"260404/横展開/CR178_横展開/LP1-CR01159",19,2026-04-05,31811,9,10,26776,14,1913,0.0000,
AI_3,1861476178360369,"260404/横展開/CR178_横展開/LP1-CR01159",19,2026-04-06,31811,9,19,22342,13,1719,0.0000,
AI_3,1861476178360369,"260404/横展開/CR178_横展開/LP1-CR01159",19,2026-04-07,3000,0,19,3266,0,,0.0000,
AI_3,1861476178360369,"260404/横展開/CR178_横展開/LP1-CR01159",19,2026-04-08,3000,0,19,2964,0,,0.0000,
AI_3,1861476178360369,"260404/横展開/CR178_横展開/LP1-CR01159",19,2026-04-09,3000,0,19,70640,16,4415,0.0000,
AI_3,1861476178360369,"260404/横展開/CR178_横展開/LP1-CR01159",19,2026-04-11,3000,0,19,129556,44,2944,0.0000,
AI_3,1861476178360369,"260404/横展開/CR178_横展開/LP1-CR01159",19,2026-04-12,3000,0,19,102780,30,3426,0.0000,
AI_3,1861476178360369,"260404/横展開/CR178_横展開/LP1-CR01159",19,2026-04-13,3000,0,19,80438,17,4732,0.0000,
AI_3,1861476178360369,"260404/横展開/CR178_横展開/LP1-CR01159",19,2026-04-14,3000,0,19,0,0,,0.0000,
AI_1,1861475324686625,"260404/横展開/CR178_横展開/LP1-CR01156",15,2026-04-04,41354,8,8,24204,10,2420,0.0000,
AI_1,1861475324686625,"260404/横展開/CR178_横展開/LP1-CR01156",15,2026-04-05,3000,0,8,3750,1,3750,0.0000,
AI_1,1861475324686625,"260404/横展開/CR178_横展開/LP1-CR01156",15,2026-04-06,14479,6,14,12119,6,2020,0.0000,
AI_1,1861475324686625,"260404/横展開/CR178_横展開/LP1-CR01156",15,2026-04-07,3900,1,15,1226,1,1226,1.0000,1226
AI_1,1861475324686625,"260404/横展開/CR178_横展開/LP1-CR01156",15,2026-04-08,3900,0,15,0,0,,0.0000,
AI_1,1861475324686625,"260404/横展開/CR178_横展開/LP1-CR01156",15,2026-04-09,3000,0,15,0,0,,0.0000,
AI_1,1861475324686625,"260404/横展開/CR178_横展開/LP1-CR01156",15,2026-04-11,0,0,15,17095,8,2137,0.0000,
AI_1,1861475324686625,"260404/横展開/CR178_横展開/LP1-CR01156",15,2026-04-12,3000,0,15,13345,7,1906,0.0000,
AI_1,1861475324686625,"260404/横展開/CR178_横展開/LP1-CR01156",15,2026-04-13,3000,0,15,1226,1,1226,0.0000,
AI_1,1861475324686625,"260404/横展開/CR178_横展開/LP1-CR01156",15,2026-04-14,3000,0,15,0,0,,0.0000,
AI_2,1861474109206658,"260404/横展開/CR454_横展開/LP1-CR01150",14,2026-04-04,18823,5,5,13756,5,2751,0.0000,
AI_2,1861474109206658,"260404/横展開/CR454_横展開/LP1-CR01150",14,2026-04-05,90854,6,11,93396,37,2524,1.0000,93396
AI_2,1861474109206658,"260404/横展開/CR454_横展開/LP1-CR01150",14,2026-04-06,18823,0,11,14513,3,4838,0.0000,
AI_2,1861474109206658,"260404/横展開/CR454_横展開/LP1-CR01150",14,2026-04-07,41354,3,14,51692,19,2721,0.0000,
AI_2,1861474109206658,"260404/横展開/CR454_横展開/LP1-CR01150",14,2026-04-08,41354,0,14,1100,0,,1.0000,1100
AI_2,1861474109206658,"260404/横展開/CR454_横展開/LP1-CR01150",14,2026-04-09,18823,0,14,249989,46,5435,0.0000,
AI_2,1861474109206658,"260404/横展開/CR454_横展開/LP1-CR01150",14,2026-04-11,18823,0,14,410744,105,3912,0.0000,
AI_2,1861474109206658,"260404/横展開/CR454_横展開/LP1-CR01150",14,2026-04-12,18823,0,14,317348,68,4667,0.0000,
AI_2,1861474109206658,"260404/横展開/CR454_横展開/LP1-CR01150",14,2026-04-13,3000,0,14,302835,65,4659,0.0000,
AI_2,1861474109206658,"260404/横展開/CR454_横展開/LP1-CR01150",14,2026-04-14,3000,0,14,0,0,,0.0000,
AI_1,1861476465430626,"260404/在中悠也/説明しようAI_冒頭1_林社長/LP1-CR01161",11,2026-04-04,14479,5,5,13084,6,2181,0.0000,
AI_1,1861476465430626,"260404/在中悠也/説明しようAI_冒頭1_林社長/LP1-CR01161",11,2026-04-05,3000,0,5,3038,0,,0.0000,
AI_1,1861476465430626,"260404/在中悠也/説明しようAI_冒頭1_林社長/LP1-CR01161",11,2026-04-06,5070,2,7,4023,2,2012,0.0000,
AI_1,1861476465430626,"260404/在中悠也/説明しようAI_冒頭1_林社長/LP1-CR01161",11,2026-04-07,6591,3,10,5068,3,1689,0.0000,
AI_1,1861476465430626,"260404/在中悠也/説明しようAI_冒頭1_林社長/LP1-CR01161",11,2026-04-08,6591,1,11,3149,1,3149,0.0000,
AI_1,1861476465430626,"260404/在中悠也/説明しようAI_冒頭1_林社長/LP1-CR01161",11,2026-04-09,3900,0,11,2992,1,2992,0.0000,
AI_1,1861476465430626,"260404/在中悠也/説明しようAI_冒頭1_林社長/LP1-CR01161",11,2026-04-11,0,0,11,21582,10,2158,0.0000,
AI_1,1861476465430626,"260404/在中悠也/説明しようAI_冒頭1_林社長/LP1-CR01161",11,2026-04-12,3000,0,11,18544,10,1854,0.0000,
AI_1,1861476465430626,"260404/在中悠也/説明しようAI_冒頭1_林社長/LP1-CR01161",11,2026-04-13,3000,0,11,14521,8,1815,0.0000,
AI_1,1861476465430626,"260404/在中悠也/説明しようAI_冒頭1_林社長/LP1-CR01161",11,2026-04-14,3000,0,11,0,0,,0.0000,
AI_2,1861474464103457,"260404/横展開/CR454_横展開/LP1-CR01153",11,2026-04-04,8568,3,3,8568,3,2856,0.0000,
AI_2,1861474464103457,"260404/横展開/CR454_横展開/LP1-CR01153",11,2026-04-05,8568,0,3,6199,1,6199,0.0000,
AI_2,1861474464103457,"260404/横展開/CR454_横展開/LP1-CR01153",11,2026-04-06,8568,0,3,10710,4,2678,0.0000,
AI_2,1861474464103457,"260404/横展開/CR454_横展開/LP1-CR01153",11,2026-04-07,24470,4,7,20160,5,4032,0.0000,
AI_2,1861474464103457,"260404/横展開/CR454_横展開/LP1-CR01153",11,2026-04-08,24470,4,11,23159,5,4632,0.0000,
AI_2,1861474464103457,"260404/横展開/CR454_横展開/LP1-CR01153",11,2026-04-09,24470,0,11,8887,3,2962,0.0000,
AI_2,1861474464103457,"260404/横展開/CR454_横展開/LP1-CR01153",11,2026-04-11,8568,0,11,69296,18,3850,0.0000,
AI_2,1861474464103457,"260404/横展開/CR454_横展開/LP1-CR01153",11,2026-04-12,8568,0,11,63097,17,3712,0.0000,
AI_2,1861474464103457,"260404/横展開/CR454_横展開/LP1-CR01153",11,2026-04-13,3000,0,11,52387,13,4030,0.0000,
AI_2,1861474464103457,"260404/横展開/CR454_横展開/LP1-CR01153",11,2026-04-14,3000,0,11,0,0,,0.0000,
AI_3,1861474497765377,"260404/横展開/CR454_横展開/LP1-CR01154",11,2026-04-04,24470,4,4,21461,7,3066,0.0000,
AI_3,1861474497765377,"260404/横展開/CR454_横展開/LP1-CR01154",11,2026-04-05,5070,2,6,6337,3,2112,0.0000,
AI_3,1861474497765377,"260404/横展開/CR454_横展開/LP1-CR01154",11,2026-04-06,3900,1,7,2991,1,2991,0.0000,
AI_3,1861474497765377,"260404/横展開/CR454_横展開/LP1-CR01154",11,2026-04-07,3900,1,8,3891,2,1946,0.0000,
AI_3,1861474497765377,"260404/横展開/CR454_横展開/LP1-CR01154",11,2026-04-08,6591,3,11,6460,3,2153,0.0000,
AI_3,1861474497765377,"260404/横展開/CR454_横展開/LP1-CR01154",11,2026-04-09,6591,0,11,3,0,,0.0000,
AI_3,1861474497765377,"260404/横展開/CR454_横展開/LP1-CR01154",11,2026-04-11,3000,0,11,19682,9,2187,0.0000,
AI_3,1861474497765377,"260404/横展開/CR454_横展開/LP1-CR01154",11,2026-04-12,3000,0,11,13345,6,2224,0.0000,
AI_3,1861474497765377,"260404/横展開/CR454_横展開/LP1-CR01154",11,2026-04-13,3000,0,11,10354,5,2071,0.0000,
AI_3,1861474497765377,"260404/横展開/CR454_横展開/LP1-CR01154",11,2026-04-14,3000,0,11,0,0,,0.0000,
AI_3,1861476500343857,"260404/在中悠也/説明しようAI_冒頭1_林社長/LP1-CR01163",11,2026-04-04,5070,2,2,5070,2,2535,0.0000,
AI_3,1861476500343857,"260404/在中悠也/説明しようAI_冒頭1_林社長/LP1-CR01163",11,2026-04-05,8568,4,6,10495,6,1749,0.0000,
AI_3,1861476500343857,"260404/在中悠也/説明しようAI_冒頭1_林社長/LP1-CR01163",11,2026-04-06,5070,2,8,3601,1,3601,0.0000,
AI_3,1861476500343857,"260404/在中悠也/説明しようAI_冒頭1_林社長/LP1-CR01163",11,2026-04-07,3000,0,8,3012,0,,0.0000,
AI_3,1861476500343857,"260404/在中悠也/説明しようAI_冒頭1_林社長/LP1-CR01163",11,2026-04-08,5070,2,10,5145,3,1715,0.0000,
AI_3,1861476500343857,"260404/在中悠也/説明しようAI_冒頭1_林社長/LP1-CR01163",11,2026-04-09,6591,1,11,51456,16,3216,0.0000,
AI_3,1861476500343857,"260404/在中悠也/説明しようAI_冒頭1_林社長/LP1-CR01163",11,2026-04-11,3000,0,11,74280,26,2857,0.0000,
AI_3,1861476500343857,"260404/在中悠也/説明しようAI_冒頭1_林社長/LP1-CR01163",11,2026-04-12,3000,0,11,63785,20,3189,0.0000,
AI_3,1861476500343857,"260404/在中悠也/説明しようAI_冒頭1_林社長/LP1-CR01163",11,2026-04-13,3000,0,11,60184,19,3168,0.0000,
AI_3,1861476500343857,"260404/在中悠也/説明しようAI_冒頭1_林社長/LP1-CR01163",11,2026-04-14,3000,0,11,0,0,,0.0000,
AI_1,1861321158181425,"260402/石黒研太/AI全部やめました渋谷Ver/LP1-CR01144",10,2026-04-04,11138,4,4,7040,8,880,1.0000,7040
AI_1,1861321158181425,"260402/石黒研太/AI全部やめました渋谷Ver/LP1-CR01144",10,2026-04-05,3900,1,5,2847,1,2847,0.0000,
AI_1,1861321158181425,"260402/石黒研太/AI全部やめました渋谷Ver/LP1-CR01144",10,2026-04-06,5070,2,7,4937,2,2469,0.0000,
AI_1,1861321158181425,"260402/石黒研太/AI全部やめました渋谷Ver/LP1-CR01144",10,2026-04-07,5070,2,9,4009,2,2005,0.0000,
AI_1,1861321158181425,"260402/石黒研太/AI全部やめました渋谷Ver/LP1-CR01144",10,2026-04-08,5070,1,10,3960,1,3960,0.0000,
AI_1,1861321158181425,"260402/石黒研太/AI全部やめました渋谷Ver/LP1-CR01144",10,2026-04-09,3900,0,10,232652,35,6647,0.0000,
AI_1,1861321158181425,"260402/石黒研太/AI全部やめました渋谷Ver/LP1-CR01144",10,2026-04-11,0,0,10,253020,41,6171,0.0000,
AI_1,1861321158181425,"260402/石黒研太/AI全部やめました渋谷Ver/LP1-CR01144",10,2026-04-12,3000,0,10,250173,40,6254,0.0000,
AI_1,1861321158181425,"260402/石黒研太/AI全部やめました渋谷Ver/LP1-CR01144",10,2026-04-13,3000,0,10,245236,38,6454,0.0000,
AI_1,1861321158181425,"260402/石黒研太/AI全部やめました渋谷Ver/LP1-CR01144",10,2026-04-14,3000,0,10,0,0,,0.0000,
AI_3,1861476271986689,"260404/横展開/CR178_横展開/LP1-CR01160",10,2026-04-04,5070,1,1,4093,1,4093,0.0000,
AI_3,1861476271986689,"260404/横展開/CR178_横展開/LP1-CR01160",10,2026-04-05,8568,4,5,8217,4,2054,0.0000,
AI_3,1861476271986689,"260404/横展開/CR178_横展開/LP1-CR01160",10,2026-04-06,3900,1,6,3432,0,,0.0000,
AI_3,1861476271986689,"260404/横展開/CR178_横展開/LP1-CR01160",10,2026-04-07,3000,0,6,3006,0,,0.0000,
AI_3,1861476271986689,"260404/横展開/CR178_横展開/LP1-CR01160",10,2026-04-08,5070,2,8,5176,3,1725,0.0000,
AI_3,1861476271986689,"260404/横展開/CR178_横展開/LP1-CR01160",10,2026-04-09,5070,0,8,7120,3,2373,0.0000,
AI_3,1861476271986689,"260404/横展開/CR178_横展開/LP1-CR01160",10,2026-04-11,5070,2,10,4415,2,2208,1.0000,4415
AI_3,1861476271986689,"260404/横展開/CR178_横展開/LP1-CR01160",10,2026-04-12,5070,0,10,350,0,,0.0000,
AI_3,1861476271986689,"260404/横展開/CR178_横展開/LP1-CR01160",10,2026-04-13,3000,0,10,23037,9,2560,0.0000,
AI_3,1861476271986689,"260404/横展開/CR178_横展開/LP1-CR01160",10,2026-04-14,3000,0,10,0,0,,0.0000,
AI_1,1861681696512001,"260406/高橋海斗/やれやめろ＿編集強化/LP1-CR01169",10,2026-04-06,6591,3,3,0,0,,0.0000,
AI_1,1861681696512001,"260406/高橋海斗/やれやめろ＿編集強化/LP1-CR01169",10,2026-04-07,5070,2,5,0,0,,0.0000,
AI_1,1861681696512001,"260406/高橋海斗/やれやめろ＿編集強化/LP1-CR01169",10,2026-04-08,11138,5,10,0,0,,0.0000,
AI_1,1861681696512001,"260406/高橋海斗/やれやめろ＿編集強化/LP1-CR01169",10,2026-04-09,11138,0,10,0,0,,0.0000,
AI_1,1861681696512001,"260406/高橋海斗/やれやめろ＿編集強化/LP1-CR01169",10,2026-04-11,0,0,10,0,0,,0.0000,
AI_1,1861681696512001,"260406/高橋海斗/やれやめろ＿編集強化/LP1-CR01169",10,2026-04-12,0,0,10,0,0,,0.0000,
AI_1,1861681696512001,"260406/高橋海斗/やれやめろ＿編集強化/LP1-CR01169",10,2026-04-13,3000,0,10,0,0,,0.0000,
AI_1,1861681696512001,"260406/高橋海斗/やれやめろ＿編集強化/LP1-CR01169",10,2026-04-14,3000,0,10,0,0,,0.0000,
AI_2,1861472213265410,"260404/横展開/CR454_横展開/LP1-CR01147",9,2026-04-04,53760,9,9,43655,11,3969,0.0000,
AI_2,1861472213265410,"260404/横展開/CR454_横展開/LP1-CR01147",9,2026-04-05,53760,0,9,6224,1,6224,0.0000,
AI_2,1861472213265410,"260404/横展開/CR454_横展開/LP1-CR01147",9,2026-04-06,53760,0,9,0,0,,0.0000,
AI_2,1861472213265410,"260404/横展開/CR454_横展開/LP1-CR01147",9,2026-04-07,53760,0,9,0,0,,0.0000,
AI_2,1861472213265410,"260404/横展開/CR454_横展開/LP1-CR01147",9,2026-04-08,53760,0,9,0,0,,0.0000,
AI_2,1861472213265410,"260404/横展開/CR454_横展開/LP1-CR01147",9,2026-04-09,53760,0,9,0,0,,0.0000,
AI_2,1861472213265410,"260404/横展開/CR454_横展開/LP1-CR01147",9,2026-04-11,53760,0,9,6224,1,6224,0.0000,
AI_2,1861472213265410,"260404/横展開/CR454_横展開/LP1-CR01147",9,2026-04-12,53760,0,9,0,0,,0.0000,
AI_2,1861472213265410,"260404/横展開/CR454_横展開/LP1-CR01147",9,2026-04-13,3000,0,9,0,0,,0.0000,
AI_2,1861472213265410,"260404/横展開/CR454_横展開/LP1-CR01147",9,2026-04-14,3000,0,9,0,0,,0.0000,
AI_2,1861476494454898,"260404/在中悠也/説明しようAI_冒頭1_林社長/LP1-CR01162",9,2026-04-04,6591,3,3,5217,4,1304,0.0000,
AI_2,1861476494454898,"260404/在中悠也/説明しようAI_冒頭1_林社長/LP1-CR01162",9,2026-04-05,14479,3,6,10319,2,5160,0.0000,
AI_2,1861476494454898,"260404/在中悠也/説明しようAI_冒頭1_林社長/LP1-CR01162",9,2026-04-06,14479,3,9,16359,4,4090,0.0000,
AI_2,1861476494454898,"260404/在中悠也/説明しようAI_冒頭1_林社長/LP1-CR01162",9,2026-04-07,6591,0,9,576,0,,0.0000,
AI_2,1861476494454898,"260404/在中悠也/説明しようAI_冒頭1_林社長/LP1-CR01162",9,2026-04-08,6591,0,9,0,0,,0.0000,
AI_2,1861476494454898,"260404/在中悠也/説明しようAI_冒頭1_林社長/LP1-CR01162",9,2026-04-09,6591,0,9,0,0,,0.0000,
AI_1,1862178156504113,"260412/高橋海斗/【ねねさん】Claude_Code/LP1-CR01212",8,2026-04-11,0,0,0,0,0,,0.0000,
AI_1,1862178156504113,"260412/高橋海斗/【ねねさん】Claude_Code/LP1-CR01212",8,2026-04-12,11138,4,4,8407,3,2802,0.0000,
AI_1,1862178156504113,"260412/高橋海斗/【ねねさん】Claude_Code/LP1-CR01212",8,2026-04-13,6591,3,7,7418,3,2473,0.0000,
AI_1,1862178156504113,"260412/高橋海斗/【ねねさん】Claude_Code/LP1-CR01212",8,2026-04-14,6591,1,8,0,0,,0.0000,
AI_1,1862269460213809,"260413/在中悠也/Claudeが重要/LP1-CR01215",6,2026-04-12,3000,0,0,0,0,,0.0000,
AI_1,1862269460213809,"260413/在中悠也/Claudeが重要/LP1-CR01215",6,2026-04-13,6591,3,3,6624,3,2208,0.0000,
AI_1,1862269460213809,"260413/在中悠也/Claudeが重要/LP1-CR01215",6,2026-04-14,6591,3,6,0,0,,0.0000,
AI_3,1862269034710082,"260413/清水絢吾/二極化(副業会社員)/LP2-CR00246",5,2026-04-12,3000,0,0,0,0,,0.0000,
AI_3,1862269034710082,"260413/清水絢吾/二極化(副業会社員)/LP2-CR00246",5,2026-04-13,8568,4,4,8826,5,1765,0.0000,
AI_3,1862269034710082,"260413/清水絢吾/二極化(副業会社員)/LP2-CR00246",5,2026-04-14,8568,1,5,0,0,,0.0000,
AI_3,1862228970615202,"260412/清水絢吾/緊急動画/LP2-CR00244",4,2026-04-12,11138,3,3,7339,3,2446,0.0000,
AI_3,1862228970615202,"260412/清水絢吾/緊急動画/LP2-CR00244",4,2026-04-13,3900,1,4,4052,1,4052,0.0000,
AI_3,1862228970615202,"260412/清水絢吾/緊急動画/LP2-CR00244",4,2026-04-14,3900,0,4,0,0,,0.0000,
AI_1,1861681642345538,"260406/鈴木織大/おい会���員_1年後悔/LP1-CR01172",3,2026-04-06,3900,1,1,0,0,,0.0000,
AI_1,1861681642345538,"260406/鈴木織大/おい会���員_1年後悔/LP1-CR01172",3,2026-04-07,5070,2,3,0,0,,0.0000,
AI_1,1861681642345538,"260406/鈴木織大/おい会���員_1年後悔/LP1-CR01172",3,2026-04-08,5070,0,3,0,0,,0.0000,
AI_1,1861681642345538,"260406/鈴木織大/おい会���員_1年後悔/LP1-CR01172",3,2026-04-09,3000,0,3,0,0,,0.0000,
AI_1,1861681642345538,"260406/鈴木織大/おい会���員_1年後悔/LP1-CR01172",3,2026-04-11,0,0,3,0,0,,0.0000,
AI_1,1861681642345538,"260406/鈴木織大/おい会���員_1年後悔/LP1-CR01172",3,2026-04-12,0,0,3,0,0,,0.0000,
AI_1,1861681642345538,"260406/鈴木織大/おい会���員_1年後悔/LP1-CR01172",3,2026-04-13,3000,0,3,0,0,,0.0000,
AI_1,1861681642345538,"260406/鈴木織大/おい会���員_1年後悔/LP1-CR01172",3,2026-04-14,3000,0,3,0,0,,0.0000,
AI_3,1861681655035969,"260406/清水絢吾/スマプラ/箕輪＆3兆円_AI2/LP4-CR00011",3,2026-04-06,3900,1,1,0,0,,0.0000,
AI_3,1861681655035969,"260406/清水絢吾/スマプラ/箕輪＆3兆円_AI2/LP4-CR00011",3,2026-04-07,3900,1,2,0,0,,0.0000,
AI_3,1861681655035969,"260406/清水絢吾/スマプラ/箕輪＆3兆円_AI2/LP4-CR00011",3,2026-04-08,3900,0,2,0,0,,0.0000,
AI_3,1861681655035969,"260406/清水絢吾/スマプラ/箕輪＆3兆円_AI2/LP4-CR00011",3,2026-04-09,3000,0,2,0,0,,0.0000,
AI_3,1861681655035969,"260406/清水絢吾/スマプラ/箕輪＆3兆円_AI2/LP4-CR00011",3,2026-04-11,3000,0,2,0,0,,0.0000,
AI_3,1861681655035969,"260406/清水絢吾/スマプラ/箕輪＆3兆円_AI2/LP4-CR00011",3,2026-04-12,3900,1,3,0,0,,0.0000,
AI_3,1861681655035969,"260406/清水絢吾/スマプラ/箕輪＆3兆円_AI2/LP4-CR00011",3,2026-04-13,3000,0,3,0,0,,0.0000,
AI_3,1861681655035969,"260406/清水絢吾/スマプラ/箕輪＆3兆円_AI2/LP4-CR00011",3,2026-04-14,3000,0,3,0,0,,0.0000,
AI_2,1861681658858545,"260406/鈴木��大/YouTube切り抜��（パワポ終焉）/LP1-CR01167",2,2026-04-06,5070,2,2,0,0,,0.0000,
AI_2,1861681658858545,"260406/鈴木��大/YouTube切り抜��（パワポ終焉）/LP1-CR01167",2,2026-04-07,3000,0,2,0,0,,0.0000,
AI_2,1861681658858545,"260406/鈴木��大/YouTube切り抜��（パワポ終焉）/LP1-CR01167",2,2026-04-08,3000,0,2,0,0,,0.0000,
AI_2,1861681658858545,"260406/鈴木��大/YouTube切り抜��（パワポ終焉）/LP1-CR01167",2,2026-04-09,3000,0,2,0,0,,0.0000,
AI_2,1861681658858545,"260406/鈴木��大/YouTube切り抜��（パワポ終焉）/LP1-CR01167",2,2026-04-11,3000,0,2,0,0,,0.0000,
AI_2,1861681658858545,"260406/鈴木��大/YouTube切り抜��（パワポ終焉）/LP1-CR01167",2,2026-04-12,3000,0,2,0,0,,0.0000,
AI_2,1861681658858545,"260406/鈴木��大/YouTube切り抜��（パワポ終焉）/LP1-CR01167",2,2026-04-13,3000,0,2,0,0,,0.0000,
AI_2,1861681658858545,"260406/鈴木��大/YouTube切り抜��（パワポ終焉）/LP1-CR01167",2,2026-04-14,3000,0,2,0,0,,0.0000,
AI_2,1862269306891490,"260413/清水絢吾/スマプラ/LP1-CR01214",2,2026-04-12,3000,0,0,0,0,,0.0000,
AI_2,1862269306891490,"260413/清水絢吾/スマプラ/LP1-CR01214",2,2026-04-13,3900,1,1,3919,2,1960,0.0000,
AI_2,1862269306891490,"260413/清水絢吾/スマプラ/LP1-CR01214",2,2026-04-14,3900,1,2,0,0,,0.0000,
AI_1,1860732364556401,"260327/高橋海斗/ターミナル/LP1-CR01123",1,2026-04-04,3000,0,0,0,0,,0.0000,
AI_1,1860732364556401,"260327/高橋海斗/ターミナル/LP1-CR01123",1,2026-04-05,3900,1,1,0,0,,0.0000,
AI_1,1860732364556401,"260327/高橋海斗/ターミナル/LP1-CR01123",1,2026-04-06,3000,0,1,0,0,,0.0000,
AI_1,1860732364556401,"260327/高橋海斗/ターミナル/LP1-CR01123",1,2026-04-07,3000,0,1,0,0,,0.0000,
AI_1,1860732364556401,"260327/高橋海斗/ターミナル/LP1-CR01123",1,2026-04-08,3000,0,1,0,0,,0.0000,
AI_1,1860732364556401,"260327/高橋海斗/ターミナル/LP1-CR01123",1,2026-04-11,0,0,1,0,0,,0.0000,
AI_1,1860732364556401,"260327/高橋海斗/ターミナル/LP1-CR01123",1,2026-04-12,0,0,1,0,0,,0.0000,
AI_1,1860732364556401,"260327/高橋海斗/ターミナル/LP1-CR01123",1,2026-04-13,3000,0,1,0,0,,0.0000,
AI_1,1860732364556401,"260327/高橋海斗/ターミナル/LP1-CR01123",1,2026-04-14,3000,0,1,0,0,,0.0000,
AI_1,1861475008656497,"260404/横展開/CR178_横展開/LP1-CR01155",1,2026-04-04,5070,1,1,5070,1,5070,0.0000,
AI_1,1861475008656497,"260404/横展開/CR178_横展開/LP1-CR01155",1,2026-04-05,3000,0,1,1929,0,,0.0000,
AI_1,1861475008656497,"260404/横展開/CR178_横展開/LP1-CR01155",1,2026-04-06,3000,0,1,0,0,,0.0000,
AI_1,1861475008656497,"260404/横展開/CR178_横展開/LP1-CR01155",1,2026-04-07,3000,0,1,0,0,,0.0000,
AI_1,1861475008656497,"260404/横展開/CR178_横展開/LP1-CR01155",1,2026-04-08,3000,0,1,0,0,,0.0000,
AI_1,1861475008656497,"260404/横展開/CR178_横展開/LP1-CR01155",1,2026-04-09,3000,0,1,0,0,,0.0000,
AI_1,1861475008656497,"260404/横展開/CR178_横展開/LP1-CR01155",1,2026-04-11,0,0,1,1929,0,,0.0000,
AI_1,1861475008656497,"260404/横展開/CR178_横展開/LP1-CR01155",1,2026-04-12,3000,0,1,0,0,,0.0000,
AI_1,1861475008656497,"260404/横展開/CR178_横展開/LP1-CR01155",1,2026-04-13,3000,0,1,0,0,,0.0000,
AI_1,1861475008656497,"260404/横展開/CR178_横展開/LP1-CR01155",1,2026-04-14,3000,0,1,0,0,,0.0000,
AI_3,1861472364063857,"260404/横展開/CR454_横展開/LP1-CR01148",1,2026-04-04,3900,1,1,3900,1,3900,0.0000,
AI_3,1861472364063857,"260404/横展開/CR454_横展開/LP1-CR01148",1,2026-04-05,3000,0,1,71,0,,0.0000,
AI_3,1861472364063857,"260404/横展開/CR454_横展開/LP1-CR01148",1,2026-04-06,3000,0,1,0,0,,0.0000,
AI_3,1861472364063857,"260404/横展開/CR454_横展開/LP1-CR01148",1,2026-04-07,3000,0,1,0,0,,0.0000,
AI_3,1861472364063857,"260404/横展開/CR454_横展開/LP1-CR01148",1,2026-04-08,3000,0,1,0,0,,0.0000,
AI_3,1861472364063857,"260404/横展開/CR454_横展開/LP1-CR01148",1,2026-04-09,3000,0,1,0,0,,0.0000,
AI_3,1861472364063857,"260404/横展開/CR454_横展開/LP1-CR01148",1,2026-04-11,3000,0,1,71,0,,0.0000,
AI_3,1861472364063857,"260404/横展開/CR454_横展開/LP1-CR01148",1,2026-04-12,3000,0,1,0,0,,0.0000,
AI_3,1861472364063857,"260404/横展開/CR454_横展開/LP1-CR01148",1,2026-04-13,3000,0,1,0,0,,0.0000,
AI_3,1861472364063857,"260404/横展開/CR454_横展開/LP1-CR01148",1,2026-04-14,3000,0,1,0,0,,0.0000,
AI_4,1860808254387442,"260327/鈴木織大/一撃YouTube動画作成_途中CTAあり/LP1-CR01128",1,2026-04-04,3000,0,0,525,0,,0.0000,
AI_4,1860808254387442,"260327/鈴木織大/一撃YouTube動画作成_途中CTAあり/LP1-CR01128",1,2026-04-05,3000,0,0,2925,0,,0.0000,
AI_4,1860808254387442,"260327/鈴木織大/一撃YouTube動画作成_途中CTAあり/LP1-CR01128",1,2026-04-06,3900,1,1,155,0,,0.0000,
AI_4,1860808254387442,"260327/鈴木織大/一撃YouTube動画作成_途中CTAあり/LP1-CR01128",1,2026-04-07,3000,0,1,34119,0,,0.0000,
AI_4,1860808254387442,"260327/鈴木織大/一撃YouTube動画作成_途中CTAあり/LP1-CR01128",1,2026-04-08,3000,0,1,30832,0,,0.0000,
AI_4,1860808254387442,"260327/鈴木織大/一撃YouTube動画作成_途中CTAあり/LP1-CR01128",1,2026-04-09,3000,0,1,0,0,,0.0000,
AI_4,1860808254387442,"260327/鈴木織大/一撃YouTube動画作成_途中CTAあり/LP1-CR01128",1,2026-04-11,3000,0,1,3080,0,,0.0000,
AI_4,1860808254387442,"260327/鈴木織大/一撃YouTube動画作成_途中CTAあり/LP1-CR01128",1,2026-04-12,3000,0,1,155,0,,0.0000,
AI_4,1860808254387442,"260327/鈴木織大/一撃YouTube動画作成_途中CTAあり/LP1-CR01128",1,2026-04-13,3000,0,1,0,0,,0.0000,
AI_4,1860808254387442,"260327/鈴木織大/一撃YouTube動画作成_途中CTAあり/LP1-CR01128",1,2026-04-14,3000,0,1,0,0,,0.0000,
AI_1,1861681673726194,"260406/清水絢吾/スマプラ/箕輪＆3兆円_AI2/LP4-CR00009",1,2026-04-06,3900,1,1,0,0,,0.0000,
AI_1,1861681673726194,"260406/清水絢吾/スマプラ/箕輪＆3兆円_AI2/LP4-CR00009",1,2026-04-07,3000,0,1,0,0,,0.0000,
AI_1,1861681673726194,"260406/清水絢吾/スマプラ/箕輪＆3兆円_AI2/LP4-CR00009",1,2026-04-08,3000,0,1,0,0,,0.0000,
AI_1,1861681673726194,"260406/清水絢吾/スマプラ/箕輪＆3兆円_AI2/LP4-CR00009",1,2026-04-09,3000,0,1,0,0,,0.0000,
AI_1,1861681673726194,"260406/清水絢吾/スマプラ/箕輪＆3兆円_AI2/LP4-CR00009",1,2026-04-11,0,0,1,0,0,,0.0000,
AI_1,1861681673726194,"260406/清水絢吾/スマプラ/箕輪＆3兆円_AI2/LP4-CR00009",1,2026-04-12,0,0,1,0,0,,0.0000,
AI_1,1861681673726194,"260406/清水絢吾/スマプラ/箕輪＆3兆円_AI2/LP4-CR00009",1,2026-04-13,3000,0,1,0,0,,0.0000,
AI_1,1861681673726194,"260406/清水絢吾/スマプラ/箕輪＆3兆円_AI2/LP4-CR00009",1,2026-04-14,3000,0,1,0,0,,0.0000,
AI_2,1861681669567810,"260406/清水絢吾/スマプラ/箕輪＆3兆円_AI2/LP4-CR00010",1,2026-04-06,3900,1,1,0,0,,0.0000,
AI_2,1861681669567810,"260406/清水絢吾/スマプラ/箕輪＆3兆円_AI2/LP4-CR00010",1,2026-04-07,3000,0,1,0,0,,0.0000,
AI_2,1861681669567810,"260406/清水絢吾/スマプラ/箕輪＆3兆円_AI2/LP4-CR00010",1,2026-04-08,3000,0,1,0,0,,0.0000,
AI_2,1861681669567810,"260406/清水絢吾/スマプラ/箕輪＆3兆円_AI2/LP4-CR00010",1,2026-04-09,3000,0,1,0,0,,0.0000,
AI_2,1861681669567810,"260406/清水絢吾/スマプラ/箕輪＆3兆円_AI2/LP4-CR00010",1,2026-04-11,3000,0,1,0,0,,0.0000,
AI_2,1861681669567810,"260406/清水絢吾/スマプラ/箕輪＆3兆円_AI2/LP4-CR00010",1,2026-04-12,3000,0,1,0,0,,0.0000,
AI_2,1861681669567810,"260406/清水絢吾/スマプラ/箕輪＆3兆円_AI2/LP4-CR00010",1,2026-04-13,3000,0,1,0,0,,0.0000,
AI_2,1861681669567810,"260406/清水絢吾/スマプラ/箕輪＆3兆円_AI2/LP4-CR00010",1,2026-04-14,3000,0,1,0,0,,0.0000,
AI_3,1861681708270626,"260406/鈴木織大/おい会���員_1年後悔/LP1-CR01174",1,2026-04-06,3900,1,1,0,0,,0.0000,
AI_3,1861681708270626,"260406/鈴木織大/おい会���員_1年後悔/LP1-CR01174",1,2026-04-07,3000,0,1,0,0,,0.0000,
AI_3,1861681708270626,"260406/鈴木織大/おい会���員_1年後悔/LP1-CR01174",1,2026-04-08,3000,0,1,0,0,,0.0000,
AI_3,1861681708270626,"260406/鈴木織大/おい会���員_1年後悔/LP1-CR01174",1,2026-04-09,3000,0,1,0,0,,0.0000,
AI_3,1861681708270626,"260406/鈴木織大/おい会���員_1年後悔/LP1-CR01174",1,2026-04-11,3000,0,1,0,0,,0.0000,
AI_3,1861681708270626,"260406/鈴木織大/おい会���員_1年後悔/LP1-CR01174",1,2026-04-12,3000,0,1,0,0,,0.0000,
AI_3,1861681708270626,"260406/鈴木織大/おい会���員_1年後悔/LP1-CR01174",1,2026-04-13,3000,0,1,0,0,,0.0000,
AI_3,1861681708270626,"260406/鈴木織大/おい会���員_1年後悔/LP1-CR01174",1,2026-04-14,3000,0,1,0,0,,0.0000,
AI_3,1861681622604081,"260406/高橋海斗/やれやめろ＿編集強化/LP1-CR01171",1,2026-04-06,3900,1,1,0,0,,0.0000,
AI_3,1861681622604081,"260406/高橋海斗/やれやめろ＿編集強化/LP1-CR01171",1,2026-04-07,3000,0,1,0,0,,0.0000,
AI_3,1861681622604081,"260406/高橋海斗/やれやめろ＿編集強化/LP1-CR01171",1,2026-04-08,3000,0,1,0,0,,0.0000,
AI_3,1861681622604081,"260406/高橋海斗/やれやめろ＿編集強化/LP1-CR01171",1,2026-04-09,3000,0,1,0,0,,0.0000,
AI_3,1861681622604081,"260406/高橋海斗/やれやめろ＿編集強化/LP1-CR01171",1,2026-04-11,3000,0,1,0,0,,0.0000,
AI_3,1861681622604081,"260406/高橋海斗/やれやめろ＿編集強化/LP1-CR01171",1,2026-04-12,3000,0,1,0,0,,0.0000,
AI_3,1861681622604081,"260406/高橋海斗/やれやめろ＿編集強化/LP1-CR01171",1,2026-04-13,3000,0,1,0,0,,0.0000,
AI_3,1861681622604081,"260406/高橋海斗/やれやめろ＿編集強化/LP1-CR01171",1,2026-04-14,3000,0,1,0,0,,0.0000,
AI_1,1861684335560866,"260406/石黒研太/AI副業の嘘2（AI訴求）毎日投稿/LP1-CR01179",1,2026-04-06,3900,1,1,0,0,,0.0000,
AI_1,1861684335560866,"260406/石黒研太/AI副業の嘘2（AI訴求）毎日投稿/LP1-CR01179",1,2026-04-07,3000,0,1,0,0,,0.0000,
AI_1,1861684335560866,"260406/石黒研太/AI副業の嘘2（AI訴求）毎日投稿/LP1-CR01179",1,2026-04-08,3000,0,1,0,0,,0.0000,
AI_1,1861684335560866,"260406/石黒研太/AI副業の嘘2（AI訴求）毎日投稿/LP1-CR01179",1,2026-04-09,3000,0,1,0,0,,0.0000,
AI_1,1861684335560866,"260406/石黒研太/AI副業の嘘2（AI訴求）毎日投稿/LP1-CR01179",1,2026-04-11,0,0,1,0,0,,0.0000,
AI_1,1861684335560866,"260406/石黒研太/AI副業の嘘2（AI訴求）毎日投稿/LP1-CR01179",1,2026-04-12,0,0,1,0,0,,0.0000,
AI_1,1861684335560866,"260406/石黒研太/AI副業の嘘2（AI訴求）毎日投稿/LP1-CR01179",1,2026-04-13,3000,0,1,0,0,,0.0000,
AI_1,1861684335560866,"260406/石黒研太/AI副業の嘘2（AI訴求）毎日投稿/LP1-CR01179",1,2026-04-14,3000,0,1,0,0,,0.0000,
AI_1,1861681727048722,"260406/鈴木��大/YouTube切り抜��（パワポ終焉）/LP1-CR01175",1,2026-04-06,3000,0,0,0,0,,0.0000,
AI_1,1861681727048722,"260406/鈴木��大/YouTube切り抜��（パワポ終焉）/LP1-CR01175",1,2026-04-07,3900,1,1,0,0,,0.0000,
AI_1,1861681727048722,"260406/鈴木��大/YouTube切り抜��（パワポ終焉）/LP1-CR01175",1,2026-04-08,3900,0,1,0,0,,0.0000,
AI_1,1861681727048722,"260406/鈴木��大/YouTube切り抜��（パワポ終焉）/LP1-CR01175",1,2026-04-09,3900,0,1,0,0,,0.0000,
AI_1,1861681727048722,"260406/鈴木��大/YouTube切り抜��（パワポ終焉）/LP1-CR01175",1,2026-04-11,0,0,1,0,0,,0.0000,
AI_1,1861681727048722,"260406/鈴木��大/YouTube切り抜��（パワポ終焉）/LP1-CR01175",1,2026-04-12,0,0,1,0,0,,0.0000,
AI_1,1861681727048722,"260406/鈴木��大/YouTube切り抜��（パワポ終焉）/LP1-CR01175",1,2026-04-13,3000,0,1,0,0,,0.0000,
AI_1,1861681727048722,"260406/鈴木��大/YouTube切り抜��（パワポ終焉）/LP1-CR01175",1,2026-04-14,3000,0,1,0,0,,0.0000,
AI_1,1861681709040002,"260406/鈴木織大/おい会���員_1年後悔/LP1-CR01178",1,2026-04-06,3000,0,0,0,0,,0.0000,
AI_1,1861681709040002,"260406/鈴木織大/おい会���員_1年後悔/LP1-CR01178",1,2026-04-07,3900,0,0,0,0,,0.0000,
AI_1,1861681709040002,"260406/鈴木織大/おい会���員_1年後悔/LP1-CR01178",1,2026-04-08,3900,1,1,0,0,,0.0000,
AI_1,1861681709040002,"260406/鈴木織大/おい会���員_1年後悔/LP1-CR01178",1,2026-04-09,3900,0,1,0,0,,0.0000,
AI_1,1861681709040002,"260406/鈴木織大/おい会���員_1年後悔/LP1-CR01178",1,2026-04-11,0,0,1,0,0,,0.0000,
AI_1,1861681709040002,"260406/鈴木織大/おい会���員_1年後悔/LP1-CR01178",1,2026-04-12,0,0,1,0,0,,0.0000,
AI_1,1861681709040002,"260406/鈴木織大/おい会���員_1年後悔/LP1-CR01178",1,2026-04-13,3000,0,1,0,0,,0.0000,
AI_1,1861681709040002,"260406/鈴木織大/おい会���員_1年後悔/LP1-CR01178",1,2026-04-14,3000,0,1,0,0,,0.0000,
AI_3,1861684377933842,"260406/石黒研太/AI副業の嘘2（AI訴求）毎日投稿/LP1-CR01181",1,2026-04-06,3900,1,1,0,0,,0.0000,
AI_3,1861684377933842,"260406/石黒研太/AI副業の嘘2（AI訴求）毎日投稿/LP1-CR01181",1,2026-04-07,3000,0,1,0,0,,0.0000,
AI_3,1861684377933842,"260406/石黒研太/AI副業の嘘2（AI訴求）毎日投稿/LP1-CR01181",1,2026-04-08,3000,0,1,0,0,,0.0000,
AI_3,1861684377933842,"260406/石黒研太/AI副業の嘘2（AI訴求）毎日投稿/LP1-CR01181",1,2026-04-09,3000,0,1,0,0,,0.0000,
AI_3,1861684377933842,"260406/石黒研太/AI副業の嘘2（AI訴求）毎日投稿/LP1-CR01181",1,2026-04-11,3000,0,1,0,0,,0.0000,
AI_3,1861684377933842,"260406/石黒研太/AI副業の嘘2（AI訴求）毎日投稿/LP1-CR01181",1,2026-04-12,3000,0,1,0,0,,0.0000,
AI_3,1861684377933842,"260406/石黒研太/AI副業の嘘2（AI訴求）毎日投稿/LP1-CR01181",1,2026-04-13,3000,0,1,0,0,,0.0000,
AI_3,1861684377933842,"260406/石黒研太/AI副業の嘘2（AI訴求）毎日投稿/LP1-CR01181",1,2026-04-14,3000,0,1,0,0,,0.0000,
AI_1,1861721568052226,"260407/高橋海斗/【ねねさん】Claude_Code/LP1-CR01184",1,2026-04-06,3000,0,0,0,0,,0.0000,
AI_1,1861721568052226,"260407/高橋海斗/【ねねさん】Claude_Code/LP1-CR01184",1,2026-04-07,3900,1,1,3915,1,3915,0.0000,
AI_1,1861721568052226,"260407/高橋海斗/【ねねさん】Claude_Code/LP1-CR01184",1,2026-04-08,3900,0,1,69,0,,0.0000,
AI_1,1861721568052226,"260407/高橋海斗/【ねねさん】Claude_Code/LP1-CR01184",1,2026-04-09,3000,0,1,0,0,,0.0000,
AI_1,1861721568052226,"260407/高橋海斗/【ねねさん】Claude_Code/LP1-CR01184",1,2026-04-11,0,0,1,0,0,,0.0000,
AI_1,1861721568052226,"260407/高橋海斗/【ねねさん】Claude_Code/LP1-CR01184",1,2026-04-12,3000,0,1,0,0,,0.0000,
AI_1,1861721568052226,"260407/高橋海斗/【ねねさん】Claude_Code/LP1-CR01184",1,2026-04-13,3000,0,1,0,0,,0.0000,
AI_1,1861721568052226,"260407/高橋海斗/【ねねさん】Claude_Code/LP1-CR01184",1,2026-04-14,3000,0,1,0,0,,0.0000,
AI_1,1861779220790273,"260407/5CRまとめ/手動DF_Smart+/LP1-CR01185",1,2026-04-07,3900,1,1,3959,1,3959,0.0000,
AI_1,1861779220790273,"260407/5CRまとめ/手動DF_Smart+/LP1-CR01185",1,2026-04-08,3900,0,1,57,0,,0.0000,
AI_1,1861779220790273,"260407/5CRまとめ/手動DF_Smart+/LP1-CR01185",1,2026-04-09,3000,0,1,0,0,,0.0000,
AI_1,1861779220790273,"260407/5CRまとめ/手動DF_Smart+/LP1-CR01185",1,2026-04-11,0,0,1,0,0,,0.0000,
AI_1,1861779220790273,"260407/5CRまとめ/手動DF_Smart+/LP1-CR01185",1,2026-04-12,3000,0,1,0,0,,0.0000,
AI_1,1861779220790273,"260407/5CRまとめ/手動DF_Smart+/LP1-CR01185",1,2026-04-13,3000,0,1,0,0,,0.0000,
AI_1,1861779220790273,"260407/5CRまとめ/手動DF_Smart+/LP1-CR01185",1,2026-04-14,3000,0,1,0,0,,0.0000,
AI_1,1862059135439410,"260411/鈴木織大/おい会���員_1年後悔/LP1-CR01207",1,2026-04-11,2000,1,1,3239,0,,0.0000,
AI_1,1862059135439410,"260411/鈴木織大/おい会���員_1年後悔/LP1-CR01207",1,2026-04-12,3000,0,1,0,0,,0.0000,
AI_1,1862059135439410,"260411/鈴木織大/おい会���員_1年後悔/LP1-CR01207",1,2026-04-13,3000,0,1,0,0,,0.0000,
AI_1,1862059135439410,"260411/鈴木織大/おい会���員_1年後悔/LP1-CR01207",1,2026-04-14,3000,0,1,0,0,,0.0000,
AI_2,1862099818864738,"260411/千葉信輝/箕輪さんまとめ/LP4-CR00015",1,2026-04-11,3900,1,1,3496,1,3496,0.0000,
AI_2,1862099818864738,"260411/千葉信輝/箕輪さんまとめ/LP4-CR00015",1,2026-04-12,3900,0,1,0,0,,0.0000,
AI_2,1862099818864738,"260411/千葉信輝/箕輪さんまとめ/LP4-CR00015",1,2026-04-13,3000,0,1,0,0,,0.0000,
AI_2,1862099818864738,"260411/千葉信輝/箕輪さんまとめ/LP4-CR00015",1,2026-04-14,3000,0,1,0,0,,0.0000,
AI_2,1862065345575042,"260411/横展開/CR454_横展開再出稿/LP1-CR01208",1,2026-04-11,3900,1,1,3378,1,3378,0.0000,
AI_2,1862065345575042,"260411/横展開/CR454_横展開再出稿/LP1-CR01208",1,2026-04-12,3900,0,1,1,0,,0.0000,
AI_2,1862065345575042,"260411/横展開/CR454_横展開再出稿/LP1-CR01208",1,2026-04-13,3000,0,1,0,0,,0.0000,
AI_2,1862065345575042,"260411/横展開/CR454_横展開再出稿/LP1-CR01208",1,2026-04-14,3000,0,1,0,0,,0.0000,
AI_2,1862060201804962,"260411/横展開/CR454_横展開/LP1-CR01207",1,2026-04-11,6591,1,1,34,1,34,0.0000,
AI_2,1862060201804962,"260411/横展開/CR454_横展開/LP1-CR01207",1,2026-04-12,6591,0,1,0,0,,0.0000,
AI_2,1862060201804962,"260411/横展開/CR454_横展開/LP1-CR01207",1,2026-04-13,3000,0,1,0,0,,0.0000,
AI_2,1862060201804962,"260411/横展開/CR454_横展開/LP1-CR01207",1,2026-04-14,3000,0,1,0,0,,0.0000,
AI_1,1862149265242482,"260411/横展開/横展開CR/LP1-CR01211",1,2026-04-11,2000,1,1,1995,1,1995,0.0000,
AI_1,1862149265242482,"260411/横展開/横展開CR/LP1-CR01211",1,2026-04-12,3000,0,1,1016,0,,0.0000,
AI_1,1862149265242482,"260411/横展開/横展開CR/LP1-CR01211",1,2026-04-13,3000,0,1,0,0,,0.0000,
AI_1,1862149265242482,"260411/横展開/横展開CR/LP1-CR01211",1,2026-04-14,3000,0,1,0,0,,0.0000,
AI_3,1862157503639762,"260412/横展開/横展開CR/LP2-CR00241",1,2026-04-11,3000,0,0,0,0,,0.0000,
AI_3,1862157503639762,"260412/横展開/横展開CR/LP2-CR00241",1,2026-04-12,3900,1,1,3903,1,3903,0.0000,
AI_3,1862157503639762,"260412/横展開/横展開CR/LP2-CR00241",1,2026-04-13,3000,0,1,126,0,,0.0000,
AI_3,1862157503639762,"260412/横展開/横展開CR/LP2-CR00241",1,2026-04-14,3000,0,1,0,0,,0.0000,
AI_3,1862187232444674,"260412/鈴木織大/箕輪さんまとめ/LP4-CR00016",1,2026-04-12,3000,0,0,3007,1,3007,0.0000,
AI_3,1862187232444674,"260412/鈴木織大/箕輪さんまとめ/LP4-CR00016",1,2026-04-13,3000,0,0,3040,0,,0.0000,
AI_3,1862187232444674,"260412/鈴木織大/箕輪さんまとめ/LP4-CR00016",1,2026-04-14,3900,1,1,0,0,,0.0000,
AI_2,1862363723066689,"260414/千葉信輝/AIまとめ1/LP1-CR01216",1,2026-04-13,3000,0,0,0,0,,0.0000,
AI_2,1862363723066689,"260414/千葉信輝/AIまとめ1/LP1-CR01216",1,2026-04-14,3900,1,1,0,0,,0.0000,